{"cameraMode":{"drawMode":0,"name":"Shaded","section":"Shading Mode"},"sceneLighting":false,"audioPlay":false,"sceneViewState":{"showFog":true,"showMaterialUpdate":true,"showSkybox":true,"showFlares":true,"showImageEffects":true,"showParticleSystems":true},"in2DMode":false,"pivot":{"x":450.1575622558594,"y":175.17684936523438,"z":-657.63330078125},"rotation":{"x":0.02548769861459732,"y":0.007493683602660894,"z":0.0001909136917674914,"w":-0.999660313129425},"size":16.417808532714845,"orthographic":false}