{"cameraMode":{"drawMode":0,"name":"Shaded","section":"Shading Mode"},"sceneLighting":false,"audioPlay":false,"sceneViewState":{"showFog":true,"showMaterialUpdate":true,"showSkybox":true,"showFlares":true,"showImageEffects":true,"showParticleSystems":true},"in2DMode":false,"pivot":{"x":-0.5450643301010132,"y":-3.42038631439209,"z":2.2084450721740724},"rotation":{"x":-0.23464858531951905,"y":-0.09054513275623322,"z":0.021959219127893449,"w":-0.9676175713539124},"size":5.629270553588867,"orthographic":false}