{"cameraMode":{"drawMode":0,"name":"Shaded","section":"Shading Mode"},"sceneLighting":false,"audioPlay":false,"sceneViewState":{"showFog":true,"showMaterialUpdate":true,"showSkybox":true,"showFlares":true,"showImageEffects":true,"showParticleSystems":true},"in2DMode":false,"pivot":{"x":-0.4767780303955078,"y":0.03500000014901161,"z":0.5080000162124634},"rotation":{"x":-0.07027991116046906,"y":0.9248886704444885,"z":-0.21052561700344087,"w":-0.3087567389011383},"size":22.0,"orthographic":false}